"Cell age","Growth","Growth rate","Absolute position","Relative position"
6.13,3.463117,0.063346,84.263411,0.264368
6.13,7.219994,0.043373,91.285362,0.286398
6.13,5.47612,0.064402,151.429899,0.475096
6.13,4.037037,0.052845,158.757152,0.498084
6.13,4.339544,0.054084,161.810174,0.507663
6.13,5.170391,0.053872,166.389707,0.522031
6.13,4.80735,0.047917,170.663938,0.535441
6.13,3.695589,0.055874,175.243472,0.549808
6.13,4.534408,0.067297,174.938169,0.548851
6.13,4.716892,0.076439,183.791934,0.576628
6.13,4.224377,0.032812,196.004022,0.614943
6.13,5.614299,0.036378,206.994902,0.649425
7.72,4.088216,0.038395,64.990018,0.252144
7.72,3.372494,0.038639,74.053251,0.287307
7.72,3.545599,0.043176,77.369069,0.300172
7.72,3.668227,0.03409,82.895431,0.321612
7.72,4.227773,0.035521,91.295501,0.354202
7.72,2.415909,0.033459,86.432302,0.335334
7.72,2.517077,0.048902,92.842882,0.360206
7.72,4.097675,0.052916,99.253462,0.385077
7.72,3.544705,0.039213,108.537751,0.421098
7.72,5.028601,0.042944,103.232443,0.400515
7.72,6.492109,0.038765,118.264148,0.458834
7.72,6.478918,0.036447,117.158875,0.454545
7.72,5.550334,0.040282,120.253638,0.466552
7.72,3.638224,0.033538,129.095817,0.500858
7.72,5.240936,0.04133,131.527417,0.510292
7.72,4.144182,0.043991,127.76949,0.495712
7.72,4.627937,0.040221,132.411635,0.513722
7.72,4.869108,0.047399,143.906468,0.558319
7.72,4.737123,0.03205,152.527592,0.591767
7.72,1.542392,0.03113,152.748647,0.592624
7.72,4.610789,0.042401,161.590826,0.62693
7.72,2.923592,0.039565,159.601336,0.619211
10.47,10.892451,0.033905,48.422368,0.109107
10.47,7.162486,0.033388,34.816083,0.078449
10.47,10.416433,0.054413,50.023108,0.112714
10.47,4.668059,0.028549,48.822553,0.110009
10.47,5.312914,0.032338,107.249543,0.241659
10.47,4.681567,0.032286,110.851207,0.249775
10.47,4.138739,0.051044,118.454719,0.266907
10.47,6.755591,0.027585,119.255089,0.268711
10.47,5.420854,0.034699,124.057307,0.279531
10.47,4.5799,0.029698,135.262484,0.304779
10.47,3.584979,0.025497,137.263408,0.309288
10.47,4.545503,0.040957,137.663593,0.310189
10.47,4.341801,0.042129,141.265256,0.318305
10.47,5.486532,0.025108,148.468584,0.334536
10.47,7.566732,0.029895,146.867845,0.330929
10.47,2.844953,0.037087,151.670063,0.341749
10.47,3.554338,0.033052,152.070248,0.342651
10.47,9.083452,0.036521,161.2745,0.36339
10.47,3.986059,0.032669,163.675609,0.368801
10.47,5.04793,0.056297,166.476903,0.375113
10.47,6.312641,0.04112,173.280045,0.390442
10.47,4.857285,0.037146,174.080415,0.392245
10.47,8.082658,0.060931,176.481524,0.397656
10.47,7.885099,0.042197,177.281894,0.399459
10.47,5.604036,0.043561,182.484297,0.411181
10.47,5.344645,0.045985,186.886331,0.4211
10.47,7.102901,0.039451,190.08781,0.428314
10.47,3.943468,0.03303,198.091507,0.446348
10.47,6.356659,0.02784,192.488919,0.433724
10.47,5.213536,0.032962,209.696868,0.472498
10.47,3.327696,0.023822,208.496313,0.469793
10.47,4.361592,0.026313,213.298532,0.480613
10.47,3.114923,0.031206,220.902044,0.497746
10.47,4.767478,0.038796,232.10722,0.522994
10.47,7.179241,0.044994,231.707035,0.522092
10.47,6.853591,0.032288,279.329034,0.629396
10.47,7.080273,0.053329,292.935319,0.660054
10.57,1.276543,0.022189,152.70362,0.420495
10.57,4.538508,0.041167,155.91168,0.429329
10.57,5.714267,0.044004,164.57344,0.45318
10.57,6.204948,0.055482,166.819081,0.459364
10.57,5.140849,0.038874,180.613736,0.49735
10.57,2.410787,0.018361,205.315792,0.565371
10.57,9.022616,0.017711,310.540136,0.855124
10.57,2.211303,0.014502,332.034133,0.914311
10.96,11.680144,0.01748,77.728491,0.109623
10.96,10.851159,0.035718,94.935562,0.133891
10.96,6.498105,0.033316,111.549285,0.157322
10.96,3.871789,0.020441,119.262799,0.168201
10.96,6.509243,0.030124,118.076105,0.166527
10.96,16.306751,0.0351,126.976314,0.179079
10.96,5.569446,0.039107,131.723092,0.185774
10.96,6.11621,0.04146,148.930162,0.210042
10.96,4.959045,0.025772,163.763844,0.230962
10.96,5.106428,0.030403,208.264888,0.293724
10.96,10.27155,0.032769,205.298152,0.28954
10.96,3.036114,0.042999,217.758445,0.307113
10.96,5.96381,0.023765,223.09857,0.314644
10.96,8.162917,0.050357,226.658653,0.319665
10.96,6.40322,0.044736,228.438695,0.322176
10.96,3.076599,0.038235,227.845348,0.321339
10.96,5.276847,0.035704,227.845348,0.321339
10.96,5.17915,0.047984,235.558862,0.332218
10.96,6.179086,0.047582,245.645766,0.346444
10.96,5.07997,0.042066,249.799197,0.352301
10.96,5.534586,0.051184,256.919364,0.362343
10.96,8.796013,0.027064,258.699406,0.364854
10.96,5.336112,0.026265,260.479447,0.367364
10.96,3.38524,0.039097,259.8861,0.366527
10.96,5.341776,0.034254,261.072795,0.368201
10.96,7.1155,0.051778,266.41292,0.375732
10.96,3.740676,0.043076,269.379656,0.379916
10.96,6.939531,0.051202,271.159698,0.382427
10.96,3.546536,0.03767,269.973004,0.380753
10.96,4.850247,0.044677,270.566351,0.38159
10.96,7.521192,0.049623,275.906476,0.389121
10.96,4.748976,0.039963,274.126434,0.386611
10.96,7.680968,0.032688,281.246601,0.396653
10.96,4.649834,0.04292,284.213338,0.400837
10.96,5.667904,0.039275,283.61999,0.4
10.96,9.363989,0.055282,285.400032,0.40251
10.96,7.799041,0.039298,282.433296,0.398326
10.96,4.287289,0.023244,286.586727,0.404184
10.96,6.066563,0.032155,291.926852,0.411715
10.96,6.403905,0.042201,290.14681,0.409205
10.96,7.873094,0.044045,293.706894,0.414226
10.96,4.92008,0.045943,295.486936,0.416736
10.96,3.218204,0.018679,301.420408,0.425105
10.96,5.413054,0.043234,306.760534,0.432636
10.96,6.216835,0.059181,302.607103,0.426778
10.96,5.288784,0.049097,301.420408,0.425105
10.96,6.518899,0.022545,304.387145,0.429289
10.96,5.146837,0.022995,299.047019,0.421757
10.96,4.890695,0.034527,307.353881,0.433473
10.96,5.059023,0.042559,309.133923,0.435983
10.96,6.030259,0.032797,318.627479,0.449372
10.96,5.418604,0.03676,312.100659,0.440167
10.96,3.880342,0.046248,317.440784,0.447699
10.96,3.685517,0.044601,319.814173,0.451046
10.96,7.058821,0.033748,322.187562,0.454393
10.96,5.475968,0.065311,327.527688,0.461925
10.96,5.683224,0.033347,325.154299,0.458577
10.96,6.786522,0.036748,326.934341,0.461088
10.96,5.825664,0.032619,332.274466,0.468619
10.96,6.926301,0.062126,334.647855,0.471967
10.96,4.401941,0.041774,332.274466,0.468619
10.96,7.12375,0.032781,338.801286,0.477824
10.96,5.198651,0.037344,338.207938,0.476987
10.96,8.615291,0.035863,338.207938,0.476987
10.96,4.595359,0.040762,342.361369,0.482845
10.96,6.794961,0.04585,344.734758,0.486192
10.96,4.018639,0.063281,347.108147,0.48954
10.96,7.694121,0.025258,350.668231,0.494561
10.96,2.820229,0.020633,349.481536,0.492887
10.96,9.394553,0.034977,348.888189,0.49205
10.96,5.123306,0.05391,357.788398,0.504603
10.96,2.555457,0.012432,362.535176,0.511297
10.96,7.787903,0.043931,364.908565,0.514644
10.96,3.654763,0.03654,358.975093,0.506276
10.96,6.913681,0.048229,365.501912,0.515481
10.96,7.764182,0.047278,369.655343,0.521339
10.96,8.030854,0.037678,371.435385,0.523849
10.96,11.148623,0.035732,367.281954,0.517992
10.96,3.749458,0.014071,374.995469,0.52887
10.96,4.776157,0.031544,377.962205,0.533054
10.96,3.585653,0.041298,382.708983,0.539749
10.96,7.300441,0.035675,385.675719,0.543933
10.96,8.282929,0.037455,380.335594,0.536402
10.96,3.588276,0.018877,390.422497,0.550628
10.96,8.371617,0.038215,394.575928,0.556485
10.96,6.112751,0.047848,399.916054,0.564017
10.96,2.970348,0.020305,400.509401,0.564854
10.96,2.803312,0.012107,408.816262,0.576569
10.96,1.85519,0.014798,419.496513,0.591632
10.96,5.919941,0.033733,427.803375,0.603347
10.96,9.666965,0.043267,443.230404,0.625105
10.96,3.846015,0.02546,434.923542,0.613389
10.96,9.476968,0.03659,447.383834,0.630962
10.96,7.35351,0.035642,460.437474,0.649372
10.96,2.545763,0.016343,475.271156,0.670293
12.2,9.924969,0.040039,18.512875,0.032423
12.2,11.23945,0.049752,54.077081,0.09471
12.2,3.382764,0.018615,39.461654,0.069113
12.2,14.083974,0.034732,71.128413,0.124573
12.2,14.083974,0.034732,71.128413,0.124573
12.2,13.279197,0.030154,106.205439,0.186007
12.2,17.056337,0.069276,108.641343,0.190273
12.2,11.957598,0.029498,127.641399,0.223549
12.2,10.581228,0.039127,126.667037,0.221843
12.2,24.421774,0.065368,125.692675,0.220137
12.2,5.683904,0.02959,130.564484,0.228669
12.2,8.387418,0.035227,144.692731,0.253413
12.2,6.586585,0.029936,139.820922,0.244881
12.2,15.174331,0.022867,153.461987,0.268771
12.2,4.39669,0.045106,154.92353,0.271331
12.2,8.670465,0.028976,157.846616,0.276451
12.2,7.392315,0.028548,169.538957,0.296928
12.2,12.651485,0.034674,176.35949,0.308874
12.2,4.615214,0.029712,178.308214,0.312287
12.2,5.658955,0.045946,182.692842,0.319966
12.2,11.605127,0.023936,184.154385,0.322526
12.2,6.765252,0.037026,184.641566,0.323379
12.2,3.630811,0.020774,195.359546,0.34215
12.2,6.459479,0.027809,196.333908,0.343857
12.2,5.723794,0.036083,198.769812,0.348123
12.2,2.814065,0.026679,196.821089,0.34471
12.2,9.970303,0.020979,208.51343,0.365188
12.2,7.236701,0.04152,199.256993,0.348976
12.2,4.845413,0.024234,207.051888,0.362628
12.2,7.648484,0.040408,211.436516,0.370307
12.2,5.13207,0.053297,208.51343,0.365188
12.2,5.526655,0.03393,214.846782,0.37628
12.2,6.448796,0.03811,217.282687,0.380546
12.2,3.937249,0.065886,215.821144,0.377986
12.2,9.708047,0.036853,223.616039,0.391638
12.2,6.086938,0.032965,225.564762,0.395051
12.2,5.510122,0.036967,226.539124,0.396758
12.2,5.573996,0.036371,231.898114,0.406143
12.2,5.54383,0.028096,238.231466,0.417235
12.2,3.282276,0.041368,235.795561,0.412969
12.2,3.601,0.035626,232.872476,0.40785
12.2,5.156375,0.035618,232.385295,0.406997
12.2,5.962433,0.03453,237.257104,0.415529
12.2,6.072352,0.036,242.616094,0.424915
12.2,3.549118,0.030671,247.975084,0.4343
12.2,4.513411,0.038183,244.077637,0.427474
12.2,3.721298,0.043526,245.53918,0.430034
12.2,4.408998,0.029747,243.590456,0.426621
12.2,5.177127,0.036155,247.975084,0.4343
12.2,5.840522,0.037013,246.513542,0.431741
12.2,10.92714,0.022977,240.667371,0.421502
12.2,5.855751,0.030113,254.795617,0.446246
12.2,5.780534,0.033856,252.846893,0.442833
12.2,3.463532,0.057522,253.334074,0.443686
12.2,11.004703,0.053079,250.89817,0.43942
12.2,7.228246,0.02684,253.334074,0.443686
12.2,2.000556,0.037207,252.359712,0.44198
12.2,4.62267,0.029299,259.180245,0.453925
12.2,7.4024,0.057304,259.667426,0.454778
12.2,4.808789,0.03331,259.180245,0.453925
12.2,5.450128,0.029721,266.487959,0.466724
12.2,4.255635,0.031268,262.590512,0.459898
12.2,7.528819,0.02806,274.770034,0.481229
12.2,7.219503,0.032002,267.949502,0.469283
12.2,5.508503,0.039317,266.487959,0.466724
12.2,8.513221,0.034238,270.872587,0.474403
12.2,5.290921,0.026581,273.795673,0.479522
12.2,5.416425,0.047766,267.949502,0.469283
12.2,5.006904,0.039029,275.744396,0.482935
12.2,6.39464,0.03244,276.231577,0.483788
12.2,11.935865,0.027126,273.308492,0.478669
12.2,5.573664,0.03001,281.590567,0.493174
12.2,5.52763,0.036588,277.69312,0.486348
12.2,6.905315,0.031345,278.180301,0.487201
12.2,9.753443,0.038109,290.359824,0.508532
12.2,6.366759,0.034381,286.462376,0.501706
12.2,5.583388,0.028438,294.257271,0.515358
12.2,5.820413,0.032319,296.205995,0.518771
12.2,5.573996,0.036371,292.795728,0.512799
12.2,5.835981,0.035838,290.359824,0.508532
12.2,5.747463,0.03493,291.334185,0.510239
12.2,8.214212,0.01743,297.180356,0.520478
12.2,1.375411,0.016741,297.180356,0.520478
12.2,10.677513,0.032907,292.308547,0.511945
12.2,8.490218,0.047882,297.667537,0.521331
12.2,7.524627,0.042629,304.000889,0.532423
12.2,7.488618,0.030115,299.616261,0.524744
12.2,10.100353,0.027742,310.334241,0.543515
12.2,6.747106,0.04882,303.513708,0.53157
12.2,5.363223,0.024917,309.359879,0.541809
12.2,11.190139,0.034528,311.308603,0.545222
12.2,5.584042,0.032045,314.718869,0.551195
12.2,6.095704,0.042725,319.590678,0.559727
12.2,7.438692,0.034067,322.026583,0.563993
12.2,6.211765,0.030016,320.56504,0.561433
12.2,5.811331,0.030564,330.308658,0.578498
12.2,8.68442,0.0345,327.385573,0.573379
12.2,7.138453,0.038203,324.949668,0.569113
12.2,11.047155,0.036772,333.231744,0.583618
12.2,5.928386,0.033256,336.154829,0.588737
12.2,6.376483,0.032562,330.795839,0.579352
12.2,5.676785,0.041848,340.052277,0.595563
12.2,7.38228,0.03783,334.693287,0.586177
12.2,7.141696,0.038974,344.436905,0.603242
12.2,6.065532,0.029117,343.462543,0.601536
12.2,3.423597,0.012964,353.206161,0.618601
12.2,7.437728,0.039729,359.052332,0.62884
12.2,6.807726,0.035979,356.616428,0.624573
12.2,5.045802,0.02953,362.94978,0.635666
12.2,7.842048,0.035449,362.462599,0.634812
12.2,9.81989,0.028638,379.513931,0.664676
12.2,5.85111,0.010069,451.616706,0.790956
12.2,5.078208,0.021019,487.180912,0.853242
12.2,7.33455,0.016305,531.514375,0.930887
13.85,7.496302,0.05177,93.117176,0.292146
13.85,5.660366,0.048197,104.71866,0.328544
13.85,5.300528,0.047315,108.687589,0.340996
13.85,5.940632,0.042493,115.404237,0.362069
13.85,7.080014,0.045157,125.784513,0.394636
13.85,5.639529,0.057427,119.983771,0.376437
13.85,5.045653,0.066199,127.616326,0.400383
13.85,5.833349,0.052434,135.859486,0.426245
13.85,5.641346,0.046531,147.155668,0.461686
13.85,6.265902,0.040167,140.133717,0.439655
13.85,7.120033,0.033137,158.757152,0.498084
13.85,8.937957,0.038818,157.841245,0.495211
13.85,5.342741,0.030324,162.115476,0.508621
13.85,6.675226,0.046807,172.801054,0.542146
13.85,6.44484,0.038572,174.632867,0.547893
13.85,5.950493,0.046314,170.663938,0.535441
13.85,6.101827,0.040201,177.380587,0.556513
13.85,5.760703,0.041273,190.508582,0.597701
13.85,8.425237,0.043994,201.804764,0.633142
13.85,3.280615,0.050255,199.972951,0.627395
13.85,6.800018,0.046142,210.658529,0.66092
13.85,5.251151,0.051995,210.047924,0.659004
15.79,5.688851,0.049138,253.913186,0.305344
15.79,4.094353,0.035962,259.555701,0.312129
15.79,5.053637,0.033173,263.082273,0.31637
15.79,10.813383,0.022801,261.671644,0.314673
15.79,6.815212,0.0402,294.116107,0.35369
15.79,3.852061,0.035115,301.874565,0.36302
15.79,4.244117,0.025174,306.106452,0.368109
15.79,4.71935,0.034225,318.802111,0.383376
15.79,5.7827,0.030152,323.739312,0.389313
15.79,8.874193,0.033827,315.275539,0.379135
15.79,4.416769,0.044169,322.328683,0.387617
15.79,3.379615,0.034167,322.328683,0.387617
15.79,4.423198,0.022565,327.265884,0.393554
15.79,8.1182,0.031932,324.444626,0.390161
15.79,5.865078,0.030333,333.613714,0.401187
15.79,4.71915,0.029358,339.961543,0.408821
15.79,8.898402,0.033572,334.319028,0.402036
15.79,8.002262,0.037995,359.005032,0.431722
15.79,5.560109,0.036673,368.174119,0.442748
15.79,7.870666,0.026673,371.700691,0.446989
15.79,7.61909,0.031191,371.700691,0.446989
15.79,9.809401,0.034683,380.164464,0.457167
15.79,8.866364,0.027183,390.74418,0.46989
15.79,4.70025,0.044806,390.038866,0.469042
15.79,8.191161,0.036545,394.976067,0.474979
15.79,5.377974,0.027424,405.555783,0.487701
15.79,4.602946,0.031145,404.145154,0.486005
15.79,6.904419,0.031145,425.304586,0.51145
15.79,9.818685,0.029785,430.241787,0.517388
15.79,6.003571,0.039646,439.410874,0.528414
15.79,4.695074,0.032874,435.884302,0.524173
15.79,5.751862,0.049966,436.589617,0.525021
15.79,7.919818,0.036542,449.99059,0.541137
15.79,6.795711,0.037186,448.579962,0.53944
15.79,5.397674,0.033686,457.749049,0.550466
15.79,4.290614,0.036774,459.159678,0.552163
15.79,3.626616,0.030509,460.570306,0.553859
15.79,8.230216,0.017627,460.570306,0.553859
15.79,5.42175,0.030428,464.802193,0.558948
15.79,9.986762,0.043501,470.444708,0.565734
15.79,7.274787,0.027273,475.381909,0.571671
15.79,6.961921,0.023494,476.792538,0.573367
15.79,7.051862,0.026641,480.31911,0.577608
15.79,5.216072,0.036291,482.435053,0.580153
15.79,7.930622,0.021669,485.256311,0.583545
15.79,4.28776,0.02585,493.014769,0.592875
15.79,5.126265,0.031948,490.193512,0.589483
15.79,2.705533,0.018636,498.657284,0.599661
15.79,9.002602,0.033942,503.594485,0.605598
15.79,3.920901,0.014412,509.237,0.612383
15.79,5.935118,0.02696,513.468887,0.617472
15.79,7.442463,0.034929,518.406088,0.62341
15.79,6.298256,0.024179,517.700773,0.622561
15.79,5.259449,0.030666,526.869861,0.633588
15.79,4.020659,0.017731,542.386777,0.652248
15.79,9.048366,0.03046,557.903694,0.670908
15.79,5.839869,0.019213,576.241869,0.69296
15.79,6.172502,0.026678,580.473755,0.698049
15.79,6.501413,0.021271,600.222559,0.721798
15.79,4.094353,0.035962,259.555701,0.312129
16.7,3.773731,0.04474,97.204195,0.267668
16.7,7.337242,0.032446,105.545149,0.290636
16.7,5.459974,0.042117,175.801647,0.484099
16.7,5.902161,0.050065,184.784213,0.508834
16.7,5.505143,0.045481,188.313078,0.518551
16.7,5.731935,0.040704,193.445973,0.532686
16.7,5.530742,0.03867,198.899674,0.547703
16.7,4.730819,0.046811,203.711763,0.560954
16.7,5.598901,0.051291,204.032568,0.561837
16.7,4.702654,0.046982,215.260776,0.592756
16.7,5.674463,0.033308,226.809789,0.624558
16.7,5.513118,0.027579,239.000414,0.658127
19.67,8.694889,0.0199,172.727273,0.130584
19.67,8.140517,0.01854,208.333333,0.157503
19.67,15.084757,0.019295,209.848485,0.158648
19.67,5.164414,0.0268,231.818182,0.175258
19.67,7.119305,0.020007,241.666667,0.182703
19.67,7.031773,0.018251,266.666667,0.201604
19.67,5.747964,0.023127,295.454545,0.223368
19.67,7.41108,0.017896,300.757576,0.227377
19.67,17.82744,0.027412,289.393939,0.218786
19.67,8.549002,0.017216,323.484848,0.244559
19.67,7.498612,0.022176,306.818182,0.231959
19.67,8.169694,0.021969,315.909091,0.238832
19.67,3.763895,0.018982,316.666667,0.239404
19.67,6.039738,0.023094,325.757576,0.246277
19.67,4.639219,0.024112,346.969697,0.262314
19.67,5.893851,0.030758,387.121212,0.292669
19.67,5.310301,0.041938,399.242424,0.301833
19.67,4.814284,0.023757,404.545455,0.305842
19.67,8.111339,0.024116,417.424242,0.315578
19.67,8.432292,0.025623,425.757576,0.321879
19.67,6.185626,0.027176,430.30303,0.325315
19.67,7.381902,0.030709,438.636364,0.331615
19.67,48.988989,0.022554,459.090909,0.347079
19.67,5.835496,0.022462,444.69697,0.336197
19.67,13.334108,0.023886,450,0.340206
19.67,10.591425,0.03422,456.818182,0.345361
19.67,8.957486,0.022094,502.272727,0.379725
19.67,10.212118,0.027532,502.272727,0.379725
19.67,8.111339,0.020583,506.818182,0.383162
19.67,7.848742,0.021957,514.393939,0.388889
19.67,9.453503,0.024585,527.272727,0.398625
19.67,8.169694,0.025683,530.30303,0.400916
19.67,6.185626,0.020107,532.575758,0.402635
19.67,8.082162,0.024604,547.727273,0.414089
19.67,13.042333,0.021483,559.090909,0.42268
19.67,10.066231,0.01854,559.090909,0.42268
19.67,9.832811,0.022302,561.363636,0.424399
19.67,10.708135,0.02316,571.212121,0.431844
19.67,6.739998,0.022629,578.030303,0.436999
19.67,9.482681,0.024167,583.333333,0.441008
19.67,6.477401,0.024261,584.090909,0.441581
19.67,12.137832,0.014863,585.606061,0.442726
19.67,6.273158,0.026851,588.636364,0.445017
19.67,8.899131,0.023945,596.212121,0.450745
19.67,8.432292,0.016608,614.393939,0.46449
19.67,5.456189,0.019746,606.818182,0.458763
19.67,8.636534,0.0207,628.787879,0.475372
19.67,5.864673,0.016836,655.30303,0.495418
19.67,7.556967,0.014075,667.424242,0.504582
19.67,5.923028,0.021394,702.272727,0.530928
19.67,4.28909,0.013582,716.666667,0.54181
19.67,5.777141,0.019832,707.575758,0.534937
19.67,5.281124,0.016837,714.393939,0.540092
19.67,13.334108,0.02797,703.787879,0.532073
19.67,5.222769,0.020613,725,0.54811
19.67,6.156448,0.01802,729.545455,0.551546
19.67,5.689609,0.017091,729.545455,0.551546
19.67,5.893851,0.017106,726.515152,0.549255
19.67,4.05567,0.020372,743.939394,0.562428
19.67,5.602076,0.021979,740.151515,0.559565
19.67,8.023807,0.027906,763.636364,0.57732
19.67,9.103374,0.024305,764.393939,0.577892
21.04,6.530441,0.068999,198.091507,0.446348
21.04,8.118704,0.046382,201.292986,0.453562
21.04,7.612431,0.038139,213.298532,0.480613
21.04,7.870903,0.042319,215.299456,0.485122
21.04,8.716941,0.042835,233.70796,0.526601
21.04,17.373093,0.077843,264.522194,0.596032
21.04,11.640195,0.01885,387.779132,0.87376
21.04,2.539733,0.014314,411.390039,0.926961
22.67,13.937436,0.041982,65.282242,0.114334
22.67,9.02099,0.04075,165.64151,0.290102
22.67,5.531849,0.040787,176.35949,0.308874
22.67,8.602366,0.025936,174.897947,0.306314
22.67,8.29177,0.036648,195.359546,0.34215
22.67,5.456305,0.044412,217.769868,0.381399
22.67,6.090182,0.033637,263.564873,0.461604
22.67,8.521016,0.043264,315.20605,0.552048
22.67,11.966713,0.044912,314.718869,0.551195
22.67,8.208097,0.027597,375.616483,0.65785
22.67,7.874149,0.036157,392.180634,0.68686
23.16,4.817745,0.01421,45.094392,0.063598
23.16,6.990547,0.01307,106.802507,0.150628
23.16,6.990547,0.01307,106.802507,0.150628
23.16,5.569446,0.039107,131.723092,0.185774
23.16,19.380423,0.030932,155.456982,0.219247
23.16,18.283663,0.039952,159.017066,0.224268
23.16,14.430463,0.033601,222.505223,0.313808
23.16,9.331563,0.026262,239.118946,0.337238
23.16,10.700431,0.044763,250.985891,0.353975
23.16,16.256876,0.025241,258.106058,0.364017
23.16,8.920396,0.032669,256.919364,0.362343
23.16,4.838311,0.032578,272.346393,0.3841
23.16,8.812207,0.036111,294.893588,0.4159
23.16,14.866947,0.036885,305.573839,0.430962
23.16,10.039775,0.036425,307.947228,0.43431
23.16,5.743895,0.02614,319.220826,0.450209
23.16,6.649517,0.024825,324.560951,0.457741
23.16,4.306942,0.034976,323.374257,0.456067
23.16,3.880266,0.029778,337.614591,0.476151
23.16,6.219458,0.029712,338.801286,0.477824
23.16,31.716547,0.044993,327.527688,0.461925
23.16,2.612897,0.026824,347.701495,0.490377
23.16,10.765854,0.028965,344.734758,0.486192
23.16,4.257219,0.020261,350.668231,0.494561
23.16,5.485548,0.026855,353.04162,0.497908
23.16,7.509218,0.034941,361.941829,0.51046
23.16,8.8736,0.03182,367.875301,0.518828
23.16,7.856406,0.01406,367.875301,0.518828
23.16,14.465437,0.036715,386.862414,0.545607
23.16,11.131213,0.039283,383.30233,0.540586
23.16,9.936413,0.03507,392.795886,0.553975
23.16,14.61894,0.031136,391.015845,0.551464
23.16,13.44923,0.026939,412.376346,0.58159
23.16,15.192238,0.031948,414.749735,0.584937
23.16,6.762725,0.031017,424.836638,0.599163
23.16,11.894318,0.032167,433.736847,0.611715
23.16,16.001608,0.035176,442.637056,0.624268
23.16,9.38695,0.042538,450.943918,0.635983
23.16,10.583042,0.037224,455.690696,0.642678
23.16,2.88147,0.010957,460.437474,0.649372
23.16,10.127741,0.035144,474.677808,0.669456
23.16,10.307208,0.03597,475.271156,0.670293
23.16,6.079754,0.025845,484.764712,0.683682
23.16,12.541479,0.026589,502.56513,0.708787
23.16,7.754489,0.014429,671.669099,0.94728
24.33,4.953696,0.017596,221.212121,0.154825
24.33,9.034597,0.019302,229.545455,0.160657
24.33,4.59986,0.021784,243.181818,0.170201
24.33,5.873668,0.013453,258.333333,0.180806
24.33,3.750655,0.018975,260.606061,0.182397
24.33,6.982352,0.013642,302.272727,0.211559
24.33,3.491176,0.01899,308.333333,0.215801
24.33,5.000874,0.021635,305.30303,0.21368
24.33,4.104491,0.019697,312.121212,0.218452
24.33,5.873668,0.021286,331.818182,0.232238
24.33,7.454133,0.013454,332.575758,0.232768
24.33,6.369037,0.021159,381.060606,0.266702
24.33,5.684956,0.016441,399.242424,0.279427
24.42,6.890688,0.033905,106.828373,0.29417
24.42,6.727256,0.039875,120.943834,0.333039
24.42,6.28982,0.039311,125.755923,0.34629
24.42,5.566789,0.02982,133.455265,0.367491
24.42,7.609632,0.035031,145.64589,0.40106
24.42,6.856494,0.045762,139.229772,0.383392
24.42,6.287542,0.051127,148.853949,0.409894
24.42,7.904536,0.046933,158.157321,0.435512
24.42,5.982806,0.035401,170.989558,0.470848
24.42,7.046759,0.03339,162.648604,0.44788
24.42,10.006506,0.034857,183.821795,0.506184
24.42,9.324322,0.030535,183.180183,0.504417
24.42,7.44558,0.032346,188.313078,0.518551
24.42,7.585315,0.037647,201.145315,0.553887
24.42,7.385878,0.032915,202.428539,0.55742
24.42,6.067491,0.03414,197.61645,0.54417
24.42,6.66133,0.032583,205.957404,0.567138
24.42,6.584055,0.034533,220.393671,0.60689
24.42,8.94963,0.034034,234.188325,0.644876
24.42,3.793536,0.04015,232.26349,0.639576
24.42,5.568691,0.038301,243.491697,0.670495
24.43,14.001512,0.01133,937.878788,0.590649
24.43,13.367215,0.010664,959.090909,0.604008
24.43,18.230156,0.015445,1421.969697,0.895515
26.75,6.390985,0.034135,292.000164,0.351145
26.75,5.058546,0.034829,311.748967,0.374894
26.75,5.443572,0.030788,310.338338,0.373198
26.75,8.745785,0.033709,316.686168,0.380831
26.75,7.607353,0.037873,318.802111,0.383376
26.75,9.590719,0.027414,325.149941,0.391009
26.75,6.395093,0.023579,339.256229,0.407973
26.75,2.402352,0.01369,356.889089,0.429177
26.75,6.480659,0.034883,349.13063,0.419847
26.75,8.192148,0.021145,354.067831,0.425785
26.75,6.245529,0.032212,358.299718,0.430874
26.75,7.376865,0.03173,362.531604,0.435963
26.75,4.89379,0.034437,368.879434,0.443596
26.75,4.542457,0.033103,373.11132,0.448685
26.75,7.141603,0.027928,379.45915,0.456319
26.75,6.618018,0.024216,380.869779,0.458015
26.75,5.494311,0.02834,392.154809,0.471586
26.75,5.603552,0.032618,387.922923,0.466497
26.75,9.132932,0.02806,395.681381,0.475827
26.75,5.612903,0.02662,394.976067,0.474979
26.75,6.958013,0.036729,400.618582,0.481764
26.75,4.091899,0.034852,406.966412,0.489398
26.75,11.354148,0.026271,410.492984,0.493639
26.75,8.235791,0.021407,408.377041,0.491094
26.75,5.150474,0.031567,419.662071,0.504665
26.75,5.445226,0.020624,428.831158,0.515691
26.75,4.089178,0.027013,420.367385,0.505513
26.75,6.594142,0.028331,429.536473,0.516539
26.75,8.638597,0.026695,436.589617,0.525021
26.75,12.211686,0.026156,430.947101,0.518236
26.75,6.949783,0.023262,454.927791,0.547074
26.75,6.862364,0.021495,466.212822,0.560645
26.75,3.278724,0.012041,494.425398,0.594572
26.75,6.446766,0.035425,503.594485,0.605598
26.75,7.095505,0.027085,507.121057,0.609839
26.75,10.911019,0.027673,531.807061,0.639525
27.13,7.023287,0.032192,120.454545,0.128226
27.13,6.959824,0.026181,131.060606,0.139516
27.13,1.755822,0.022275,144.69697,0.154032
27.13,6.219417,0.028111,143.939394,0.153226
27.13,9.117581,0.033494,206.060606,0.219355
27.13,4.019351,0.025262,210.606061,0.224194
27.13,8.757955,0.035198,213.636364,0.227419
27.13,8.906036,0.02604,225,0.239516
27.13,9.582979,0.040225,221.212121,0.235484
27.13,8.292556,0.039757,227.272727,0.241935
27.13,5.034766,0.02738,228.787879,0.243548
27.13,8.059857,0.04204,234.848485,0.25
27.13,6.050181,0.027572,237.878788,0.253226
27.13,7.763694,0.027737,246.212121,0.262097
27.13,9.138735,0.039606,250,0.266129
27.13,11.888817,0.024245,250.757576,0.266935
27.13,7.234832,0.045757,252.272727,0.268548
27.13,9.667597,0.032631,266.666667,0.283871
27.13,9.075272,0.031952,266.666667,0.283871
27.13,6.769433,0.045568,274.242424,0.291935
27.13,7.234832,0.035407,281.060606,0.299194
27.13,3.0674,0.020573,284.090909,0.302419
27.13,7.467531,0.032453,285.606061,0.304032
27.13,8.038702,0.036562,289.393939,0.308065
27.13,8.609873,0.039842,300,0.319355
27.13,12.692688,0.032198,296.969697,0.316129
27.13,8.92719,0.037895,296.969697,0.316129
27.13,9.794524,0.032513,300,0.319355
27.13,5.690555,0.036499,309.090909,0.329032
27.13,7.530995,0.043971,315.151515,0.335484
27.13,6.854051,0.031318,321.212121,0.341935
27.13,6.134799,0.036555,324.242424,0.345161
27.13,9.688752,0.028427,331.818182,0.353226
27.13,8.863727,0.032802,332.575758,0.354032
27.13,9.117581,0.032828,335.606061,0.357258
27.13,16.140868,0.025917,344.69697,0.366935
27.13,11.084947,0.032932,331.060606,0.352419
27.13,10.513776,0.040055,338.636364,0.360484
27.13,7.277141,0.040352,339.393939,0.36129
27.13,8.863727,0.030528,340.151515,0.362097
27.13,7.657922,0.035447,349.242424,0.371774
27.13,5.9021,0.033421,346.969697,0.369355
27.13,6.155954,0.028694,353.030303,0.375806
27.13,5.119384,0.040699,352.272727,0.375
27.13,13.898493,0.031008,363.636364,0.387097
27.13,9.096426,0.036697,353.787879,0.376613
27.13,6.367498,0.034183,359.090909,0.382258
27.13,5.204002,0.030079,360.606061,0.383871
27.13,31.964419,0.023431,340.909091,0.362903
27.13,5.690555,0.038182,369.69697,0.393548
27.13,7.890621,0.034564,371.212121,0.395161
27.13,7.425222,0.028556,381.060606,0.405645
27.13,9.138735,0.021426,386.363636,0.41129
27.13,8.377174,0.031231,378.787879,0.403226
27.13,5.521319,0.039666,384.848485,0.409677
27.13,8.609873,0.028721,385.606061,0.410484
27.13,6.029027,0.030071,404.545455,0.430645
27.13,10.746476,0.023488,409.848485,0.43629
27.13,11.275338,0.025549,410.606061,0.437097
27.13,30.27206,0.023259,403.030303,0.429032
27.13,11.867663,0.027048,439.393939,0.467742
27.13,5.542474,0.026806,440.151515,0.468548
27.13,9.561825,0.0242,506.818182,0.539516
27.13,3.744343,0.030272,514.393939,0.547581
27.13,12.946541,0.024346,597.727273,0.63629
27.13,10.661858,0.023879,608.333333,0.647581
27.13,14.808136,0.02161,671.212121,0.714516
27.13,5.373238,0.021795,690.909091,0.735484
27.17,4.601651,0.035826,128.859526,0.290352
27.17,9.752895,0.046999,227.305002,0.512173
27.17,7.465836,0.039668,238.910363,0.538323
27.17,5.50045,0.030606,244.512951,0.550947
27.17,7.296622,0.034724,257.719051,0.580703
27.17,8.641512,0.051028,262.921455,0.592426
27.17,3.880915,0.024124,264.922379,0.596934
27.17,3.194659,0.022329,279.329034,0.629396
27.17,8.647565,0.035355,290.934395,0.655546
27.17,8.977849,0.032673,306.14142,0.689811
33.24,9.67756,0.032559,288.4111,0.505119
33.24,11.534161,0.036303,314.718869,0.551195
33.24,15.555056,0.037572,355.154885,0.622014
33.24,9.008859,0.012273,504.232244,0.883106
33.24,1.163002,0.005872,529.078471,0.926621
33.63,14.852882,0.032041,246.239113,0.34728
33.63,11.776397,0.037552,420.08986,0.592469
33.63,7.254748,0.018664,498.411699,0.702929
33.63,8.106808,0.026013,519.178853,0.732218
34.89,9.223732,0.030176,189.28744,0.42651
34.89,6.833489,0.028887,222.102599,0.500451
34.89,12.491064,0.030836,237.309623,0.534716
34.89,6.981051,0.022749,244.112766,0.550045
34.89,9.611944,0.032956,260.120161,0.586114
34.89,11.756074,0.036359,260.520346,0.587015
34.89,10.268748,0.039223,254.517573,0.57349
34.89,8.859239,0.031027,265.722749,0.598738
34.89,12.426846,0.043188,282.930698,0.637511
34.89,11.626293,0.031369,301.339201,0.67899
34.89,8.829229,0.055996,298.137723,0.671776
34.89,20.456227,0.079749,312.144193,0.703336
34.89,8.616054,0.039375,312.144193,0.703336
38.95,18.263475,0.028232,250.386614,0.301103
38.95,12.066765,0.029231,293.410792,0.352841
38.95,5.607994,0.025738,313.159596,0.37659
38.95,7.928301,0.02237,341.372172,0.410517
38.95,14.437544,0.024194,354.773146,0.426633
38.95,10.819491,0.032706,375.932578,0.452078
38.95,9.338476,0.024913,378.753836,0.455471
38.95,3.3038,0.01861,404.145154,0.486005
38.95,11.001294,0.033914,399.913268,0.480916
38.95,14.144846,0.026303,405.555783,0.487701
38.95,7.914309,0.027071,411.903613,0.495335
38.95,9.164637,0.030306,418.251442,0.502969
38.95,11.604536,0.033915,430.947101,0.518236
38.95,10.484404,0.025728,432.35773,0.519932
38.95,10.702474,0.015648,433.063045,0.52078
38.95,11.854578,0.020907,454.927791,0.547074
38.95,10.736247,0.02509,451.401219,0.542833
38.95,8.991651,0.022031,463.391564,0.557252
38.95,15.389265,0.023026,460.570306,0.553859
38.95,13.535362,0.019969,486.666939,0.585242
38.95,14.608929,0.021727,488.782883,0.587786
38.95,8.318769,0.02613,502.889171,0.60475
38.95,10.449511,0.020216,513.468887,0.617472
38.95,15.476552,0.023346,525.459232,0.631891
38.95,10.211074,0.029128,536.038948,0.644614
38.95,9.485919,0.022712,564.251524,0.678541
38.95,10.443749,0.030179,580.473755,0.698049
38.95,18.558828,0.027302,600.927873,0.722646
39.37,10.841904,0.033422,306.436794,0.536689
39.37,11.13146,0.038036,321.539402,0.56314
39.37,6.264596,0.021816,347.847171,0.609215
39.37,7.852089,0.029788,351.257438,0.615188
39.37,7.616051,0.033801,359.539513,0.629693
39.37,8.477206,0.024805,387.308825,0.678328
39.37,9.419766,0.024853,406.308881,0.711604
42.92,7.002133,0.020856,42.424242,0.045161
42.92,7.298295,0.019931,65.151515,0.069355
42.92,20.392918,0.025761,141.666667,0.150806
42.92,12.819615,0.02592,175.757576,0.187097
42.92,24.454578,0.023502,206.818182,0.220161
42.92,10.34454,0.024095,212.121212,0.225806
42.92,7.742539,0.035096,227.272727,0.241935
42.92,8.631028,0.036514,230.30303,0.245161
42.92,13.263859,0.042434,234.848485,0.25
42.92,10.746476,0.039923,243.181818,0.258871
42.92,11.106102,0.034353,246.969697,0.262903
42.92,20.964089,0.02568,243.939394,0.259677
42.92,18.89095,0.023786,262.878788,0.279839
42.92,11.233029,0.030878,264.393939,0.281452
42.92,12.861924,0.034179,265.151515,0.282258
42.92,8.631028,0.040983,267.424242,0.284677
42.92,12.058053,0.026247,280.30303,0.298387
42.92,6.959824,0.037923,273.484848,0.291129
42.92,11.148411,0.034837,289.393939,0.308065
42.92,14.279274,0.036498,288.636364,0.307258
42.92,11.042638,0.022706,300,0.319355
42.92,9.138735,0.037085,297.727273,0.316935
42.92,10.259923,0.030594,306.818182,0.326613
42.92,9.477207,0.028345,302.272727,0.321774
42.92,7.594458,0.025704,300.757576,0.320161
42.92,6.536734,0.024797,332.575758,0.354032
42.92,7.806003,0.028835,318.181818,0.33871
42.92,9.096426,0.025985,326.515152,0.347581
42.92,17.812072,0.032684,315.909091,0.33629
42.92,10.006069,0.032324,325,0.345968
42.92,10.76763,0.041742,324.242424,0.345161
42.92,9.075272,0.039546,334.848485,0.356452
42.92,13.348477,0.034564,331.060606,0.352419
42.92,6.536734,0.024797,332.575758,0.354032
42.92,13.60233,0.028044,327.272727,0.348387
42.92,11.613809,0.030617,340.151515,0.362097
42.92,9.498361,0.033076,343.939394,0.366129
42.92,9.477207,0.030379,347.727273,0.370161
42.92,16.183177,0.030471,340.151515,0.362097
42.92,12.967696,0.029991,372.727273,0.396774
42.92,11.317647,0.031617,375,0.399194
42.92,10.894557,0.033476,384.090909,0.408871
42.92,11.698427,0.023225,389.393939,0.414516
42.92,10.429158,0.023942,389.393939,0.414516
42.92,8.165629,0.025742,391.666667,0.416935
42.92,15.210071,0.027757,400.757576,0.426613
42.92,11.106102,0.02065,412.878788,0.439516
42.92,7.552149,0.032269,413.636364,0.440323
42.92,7.636767,0.032939,413.636364,0.440323
42.92,11.38111,0.0264,419.69697,0.446774
42.92,8.461792,0.030214,422.727273,0.45
42.92,7.255986,0.021966,431.060606,0.458871
42.92,6.029027,0.023155,429.545455,0.457258
42.92,11.000329,0.024433,454.545455,0.483871
42.92,11.550346,0.027637,457.575758,0.487097
42.92,11.529191,0.020773,462.121212,0.491935
42.92,10.809939,0.021945,462.878788,0.492742
42.92,9.77337,0.026851,470.454545,0.500806
42.92,8.334865,0.02752,475.757576,0.506452
42.92,8.31371,0.029594,469.69697,0.5
42.92,6.621352,0.026983,474.242424,0.504839
42.92,10.450313,0.026722,484.848485,0.516129
42.92,10.027223,0.024686,489.393939,0.520968
42.92,8.631028,0.024976,487.878788,0.519355
42.92,7.93293,0.026309,499.242424,0.531452
42.92,6.769433,0.028962,500,0.532258
42.92,8.525255,0.025233,504.545455,0.537097
42.92,9.011808,0.022057,503.030303,0.535484
42.92,8.12332,0.033348,504.545455,0.537097
42.92,12.290753,0.017859,497.727273,0.529839
42.92,8.419483,0.025878,508.333333,0.541129
42.92,9.392589,0.023564,517.424242,0.550806
42.92,12.121517,0.02621,517.424242,0.550806
42.92,10.132996,0.027368,516.666667,0.55
42.92,7.890621,0.018505,517.424242,0.550806
42.92,9.625288,0.024918,522.727273,0.556452
42.92,10.809939,0.022212,518.181818,0.551613
42.92,10.323386,0.026988,528.030303,0.562097
42.92,7.721385,0.018369,523.484848,0.557258
42.92,7.636767,0.023028,521.212121,0.554839
42.92,6.748279,0.024985,532.575758,0.566935
42.92,5.436701,0.021476,532.575758,0.566935
42.92,11.550346,0.026066,538.636364,0.573387
42.92,11.973435,0.020662,528.787879,0.562903
42.92,7.361759,0.025339,545.454545,0.580645
42.92,6.70597,0.023473,543.181818,0.578226
42.92,9.582979,0.017756,536.363636,0.570968
42.92,7.255986,0.028635,549.242424,0.584677
42.92,9.879142,0.0213,560.606061,0.596774
42.92,11.233029,0.021734,557.575758,0.593548
42.92,9.646443,0.022882,565.909091,0.602419
42.92,5.9021,0.017148,562.878788,0.599194
42.92,18.827487,0.019941,581.060606,0.618548
42.92,9.688752,0.024583,579.545455,0.616935
42.92,8.884881,0.02103,568.939394,0.605645
42.92,5.394392,0.019043,578.787879,0.616129
42.92,8.609873,0.023628,597.727273,0.63629
42.92,10.132996,0.020303,617.424242,0.657258
42.92,12.100362,0.024266,648.484848,0.690323
42.92,6.790588,0.02404,636.363636,0.677419
42.92,7.552149,0.020047,643.939394,0.685484
42.92,9.286816,0.019562,667.424242,0.710484
42.92,3.659725,0.027137,293.181818,0.312097
42.92,10.746476,0.039923,243.181818,0.258871
44,5.519832,0.01482,205.30303,0.14369
44,6.486982,0.007066,196.212121,0.137328
44,7.194653,0.010753,242.424242,0.169671
44,12.337061,0.020717,233.333333,0.163309
44,5.213175,0.017343,300.757576,0.210498
44,5.661366,0.017827,355.30303,0.248674
44,7.737201,0.015148,372.727273,0.26087
44,6.840818,0.018446,389.393939,0.272534
44,28.354011,0.009385,412.878788,0.288971
44,5.449065,0.014195,407.575758,0.28526
44,9.978158,0.01627,479.545455,0.335631
44,8.326927,0.014463,471.212121,0.329799
44,8.468461,0.014699,484.090909,0.338812
44,7.713612,0.014596,501.515152,0.351007
44,8.680762,0.014859,518.181818,0.362672
44,7.737201,0.015683,520.454545,0.364263
44,8.468461,0.018097,521.969697,0.365323
44,9.176132,0.017714,543.181818,0.38017
44,13.209855,0.014752,550,0.384942
44,10.473528,0.013631,554.545455,0.388123
44,10.19046,0.015419,551.515152,0.386002
44,8.704351,0.012876,556.818182,0.389714
44,6.817229,0.015256,578.787879,0.40509
44,8.775118,0.014789,571.969697,0.400318
44,8.23257,0.01923,580.30303,0.406151
44,14.507252,0.013082,576.515152,0.403499
44,5.236764,0.014518,593.181818,0.415164
44,9.199721,0.016122,596.212121,0.417285
44,10.638651,0.014842,610.606061,0.427359
44,5.071641,0.012941,602.272727,0.421527
44,10.284816,0.016463,628.787879,0.440085
44,7.619256,0.015357,660.606061,0.462354
44,14.011882,0.018135,675.757576,0.472959
44,9.034597,0.020534,718.939394,0.503181
44,7.76079,0.017337,741.666667,0.519088
44,8.444872,0.018905,725,0.507423
44,9.034597,0.01923,733.333333,0.513256
44,6.109558,0.016178,750,0.52492
44,5.850079,0.012358,750,0.52492
44,6.416215,0.013778,751.515152,0.525981
44,5.968024,0.015625,762.878788,0.533934
44,4.552682,0.010672,805.30303,0.563627
44,5.802901,0.010772,805.30303,0.563627
44.2,16.885676,0.037834,385.675719,0.543933
44.2,18.223562,0.037474,418.309819,0.589958
44.2,23.171507,0.03651,469.337683,0.661925
44.2,16.712482,0.019018,642.595083,0.906276
44.2,2.287986,0.010517,669.29571,0.943933
46.8,12.546316,0.023753,325.757576,0.246277
46.8,7.732032,0.026734,393.939394,0.297824
46.8,11.087442,0.022758,339.393939,0.256586
46.8,8.403114,0.015128,352.272727,0.266323
46.8,13.100688,0.025716,352.272727,0.266323
46.8,12.050299,0.026835,366.666667,0.277205
46.8,9.395149,0.027252,358.333333,0.270905
46.8,11.875234,0.027771,378.787879,0.286369
46.8,6.127271,0.016622,375,0.283505
46.8,11.087442,0.0222,390.909091,0.295533
46.8,10.591425,0.02239,406.818182,0.30756
46.8,12.954801,0.016403,395.454545,0.298969
46.8,9.803633,0.026933,411.363636,0.310997
46.8,7.994629,0.015339,423.484848,0.32016
46.8,13.246576,0.024322,434.848485,0.328751
46.8,6.94424,0.021544,446.212121,0.337342
46.8,11.612637,0.027524,452.272727,0.341924
46.8,10.445538,0.023694,463.636364,0.350515
46.8,12.371251,0.027036,464.393939,0.351088
46.8,11.379217,0.024936,484.090909,0.365979
46.8,15.843372,0.021526,480.30303,0.363116
46.8,11.991944,0.024701,484.090909,0.365979
46.8,11.933589,0.02121,492.424242,0.372279
46.8,6.82753,0.022173,506.060606,0.382589
46.8,11.670992,0.029394,509.090909,0.38488
46.8,8.724066,0.021563,522.727273,0.395189
46.8,8.782421,0.025549,534.848485,0.404353
46.8,12.896446,0.021246,539.393939,0.407789
46.8,9.161729,0.018596,542.424242,0.41008
46.8,9.249261,0.018313,550,0.415808
46.8,11.525105,0.011807,546.969697,0.413517
46.8,11.904412,0.019238,546.969697,0.413517
46.8,12.954801,0.02364,543.939394,0.411226
46.8,10.474715,0.026809,546.212121,0.412944
46.8,17.94415,0.030629,545.454545,0.412371
46.8,11.35004,0.025883,562.878788,0.425544
46.8,7.17766,0.021475,565.151515,0.427262
46.8,7.702855,0.020297,578.030303,0.436999
46.8,22.816789,0.026286,581.060606,0.43929
46.8,14.267788,0.027483,566.666667,0.428408
46.8,33.437392,0.015512,539.393939,0.407789
46.8,13.304931,0.028272,593.181818,0.448454
46.8,13.275753,0.026944,612.878788,0.463345
46.8,13.129866,0.019211,611.363636,0.462199
46.8,16.835406,0.030795,603.787879,0.456472
46.8,9.045019,0.029395,615.151515,0.465063
46.8,16.718696,0.028797,612.121212,0.462772
46.8,14.530385,0.034588,644.69697,0.4874
46.8,12.692204,0.017234,645.454545,0.487973
46.8,24.071421,0.02914,647.727273,0.489691
46.8,31.074016,0.015192,634.090909,0.479381
46.8,20.540946,0.025534,693.181818,0.524055
46.8,12.663026,0.03144,696.212121,0.526346
46.8,8.052984,0.010026,904.545455,0.683849
46.8,15.843372,0.021076,917.424242,0.693585
46.8,7.6445,0.019255,1028.030303,0.777205
47.09,7.455203,0.023485,301.564985,0.528157
47.09,11.909574,0.021917,317.641955,0.556314
47.09,10.516993,0.025927,328.847116,0.575939
47.09,11.296144,0.027557,349.308714,0.611775
47.09,12.660539,0.027421,346.872809,0.607509
47.09,9.905481,0.026315,340.539458,0.596416
47.09,12.29643,0.030376,356.129247,0.62372
47.09,9.870453,0.023785,375.129302,0.656997
47.09,12.608972,0.024828,402.898614,0.705631
47.09,8.602061,0.033431,396.565262,0.694539
47.09,12.679672,0.028098,415.078137,0.726962
47.09,8.356271,0.026507,415.078137,0.726962
48.76,6.225504,0.014911,213.636364,0.134542
48.76,0.986684,0.001649,230.30303,0.145038
49.42,9.902384,0.021703,497.95197,0.598813
49.42,7.593348,0.018286,622.087305,0.748092
50.33,17.597233,0.038638,427.210028,0.60251
50.33,9.93265,0.022156,507.905255,0.716318
50.33,12.517682,0.024794,531.045798,0.748954
53.88,13.729257,0.029243,81.060606,0.08629
53.88,14.850445,0.036109,286.363636,0.304839
53.88,14.786981,0.020493,289.393939,0.308065
53.88,9.392589,0.031486,310.606061,0.330645
53.88,10.132996,0.037177,325,0.345968
53.88,7.806003,0.024589,307.575758,0.327419
53.88,15.210071,0.029616,318.181818,0.33871
53.88,13.792721,0.032302,320.454545,0.341129
53.88,12.565761,0.02148,328.030303,0.349194
53.88,10.894557,0.02385,346.212121,0.368548
53.88,10.450313,0.033074,369.69697,0.393548
53.88,13.792721,0.034485,359.090909,0.382258
53.88,15.336998,0.023912,365.909091,0.389516
53.88,11.613809,0.030278,371.969697,0.395968
53.88,11.000329,0.025728,376.515152,0.400806
53.88,7.594458,0.027669,384.848485,0.409677
53.88,9.836833,0.03399,389.393939,0.414516
53.88,14.131192,0.029268,397.727273,0.423387
53.88,10.450313,0.022916,400,0.425806
53.88,10.15415,0.028139,414.393939,0.441129
53.88,8.969499,0.027471,408.333333,0.434677
53.88,14.6389,0.025286,418.181818,0.445161
53.88,8.800263,0.02413,417.424242,0.444355
53.88,10.450313,0.027968,425.757576,0.453226
53.88,5.711709,0.025825,433.333333,0.46129
53.88,13.031159,0.018893,436.363636,0.464516
53.88,12.206135,0.020212,434.848485,0.462903
53.88,7.679076,0.025651,448.484848,0.477419
53.88,10.598394,0.024226,459.848485,0.489516
53.88,6.959824,0.025832,449.242424,0.478226
53.88,8.398328,0.021445,461.363636,0.491129
53.88,9.477207,0.018421,468.939394,0.499194
53.88,16.05625,0.020928,462.878788,0.492742
53.88,12.502297,0.021727,478.030303,0.508871
53.88,10.365695,0.025325,504.545455,0.537097
53.88,7.467531,0.027104,490.151515,0.521774
53.88,11.761891,0.02354,491.666667,0.523387
53.88,10.725321,0.019777,485.606061,0.516935
53.88,12.18498,0.02323,506.060606,0.53871
53.88,6.473271,0.018893,515.909091,0.549194
53.88,11.698427,0.026664,549.242424,0.584677
53.88,8.715646,0.02546,564.393939,0.600806
53.88,8.969499,0.020749,556.818182,0.592742
53.88,10.640703,0.018957,580.30303,0.617742
53.88,9.286816,0.023368,574.242424,0.61129
53.88,12.904232,0.019976,586.363636,0.624194
53.88,11.783045,0.022971,606.818182,0.645968
53.88,9.646443,0.024843,653.030303,0.695161
58.05,18.523877,0.040345,404.069484,0.569874
58.05,19.614897,0.027189,421.276555,0.594142
58.05,12.928924,0.023901,437.296931,0.616736
58.05,3.210677,0.006421,463.997558,0.654393
58.05,20.471138,0.031544,457.470738,0.645188
58.05,16.674656,0.03169,449.757223,0.63431
58.05,12.763409,0.023146,470.524378,0.663598
58.05,18.516009,0.032281,493.071573,0.695397
58.05,22.908826,0.032413,531.045798,0.748954
58.05,13.487131,0.035261,519.7722,0.733054
58.05,12.733301,0.021219,542.319396,0.764854
58.05,11.498282,0.026809,545.286132,0.769038
59.99,13.266674,0.020591,454.222477,0.546226
59.99,16.166747,0.022674,494.425398,0.594572
59.99,20.216657,0.021963,558.609009,0.671756
59.99,23.105647,0.020157,761.034243,0.915182
62.59,14.82216,0.017946,263.636364,0.199313
62.59,20.920253,0.013041,318.181818,0.24055
62.59,14.909692,0.020663,332.575758,0.251432
62.59,8.607357,0.020442,362.121212,0.273769
62.59,11.612637,0.024314,368.939394,0.278923
62.59,15.960081,0.023783,378.030303,0.285796
62.59,14.00519,0.024683,390.909091,0.295533
62.59,14.180255,0.022646,397.727273,0.300687
62.59,19.840686,0.015042,383.333333,0.289805
62.59,22.700079,0.017621,419.69697,0.317297
62.59,15.347354,0.022671,426.515152,0.322451
62.59,15.464064,0.021515,430.30303,0.325315
62.59,12.692204,0.027437,431.060606,0.325888
62.59,18.76112,0.023082,448.484848,0.339061
62.59,9.657746,0.02535,438.636364,0.331615
62.59,12.517139,0.020535,478.030303,0.361397
62.59,17.273068,0.02232,472.727273,0.357388
62.59,14.676272,0.01865,478.030303,0.361397
62.59,14.00519,0.027121,478.787879,0.36197
62.59,13.917658,0.022433,496.969697,0.375716
62.59,14.617917,0.023894,483.333333,0.365407
62.59,10.29965,0.0204,474.242424,0.358534
62.59,18.206747,0.033101,506.060606,0.382589
62.59,11.904412,0.019931,519.69697,0.392898
62.59,27.485186,0.025699,504.545455,0.381443
62.59,13.976013,0.023619,525,0.396907
62.59,13.334108,0.024165,519.69697,0.392898
62.59,11.933589,0.024755,541.666667,0.409507
62.59,12.167009,0.017183,528.787879,0.399771
62.59,13.567528,0.028069,545.454545,0.412371
62.59,16.018436,0.01906,525,0.396907
62.59,13.013156,0.019183,546.212121,0.412944
62.59,17.47731,0.029606,556.060606,0.420389
62.59,15.697484,0.026199,555.30303,0.419817
62.59,18.848652,0.019759,549.242424,0.415235
62.59,23.137742,0.027579,598.484848,0.452463
62.59,23.108564,0.031345,603.787879,0.456472
62.59,17.418955,0.02673,612.878788,0.463345
62.59,13.77177,0.017069,628.030303,0.4748
62.59,11.583459,0.016547,628.787879,0.475372
62.59,27.310121,0.026639,637.121212,0.481672
62.59,9.453503,0.011939,660.606061,0.499427
62.59,13.479996,0.028592,653.787879,0.494273
62.59,23.750469,0.029136,665.151515,0.502864
62.59,18.17757,0.031858,671.212121,0.507446
62.59,9.774456,0.018484,684.848485,0.517755
62.59,8.694889,0.020196,685.606061,0.518328
62.59,20.628478,0.025732,716.666667,0.54181
62.59,17.885795,0.023648,716.666667,0.54181
62.59,21.124495,0.023008,716.666667,0.54181
62.59,13.421641,0.024342,740.151515,0.559565
62.59,13.800948,0.025898,726.515152,0.549255
62.59,12.021122,0.026473,741.666667,0.56071
62.59,12.342074,0.018384,757.575758,0.572738
62.59,14.93887,0.024451,758.333333,0.57331
62.59,11.875234,0.022403,773.484848,0.584765
62.59,12.546316,0.027904,768.939394,0.581329
62.59,14.092723,0.023706,789.393939,0.596793
62.59,11.262507,0.017397,784.090909,0.592784
62.59,10.76649,0.023,781.818182,0.591065
62.59,16.018436,0.015739,763.636364,0.57732
62.59,13.217398,0.023066,783.333333,0.592211
62.59,17.885795,0.022097,798.484848,0.603666
62.59,12.050299,0.018433,801.515152,0.605956
62.59,15.464064,0.023008,812.121212,0.613975
62.59,14.58874,0.018639,796.969697,0.60252
62.59,12.838091,0.019694,799.242424,0.604238
62.59,10.066231,0.01868,807.575758,0.610538
62.59,11.875234,0.024779,818.939394,0.619129
62.59,7.819565,0.019256,821.212121,0.620848
62.59,14.384498,0.016144,814.393939,0.615693
62.59,10.64978,0.021335,837.121212,0.632875
62.59,10.445538,0.021685,835.606061,0.63173
62.59,16.572809,0.019908,830.30303,0.627721
62.59,13.129866,0.027235,840.909091,0.635739
62.59,12.458784,0.017154,859.090909,0.649485
62.59,14.092723,0.017294,859.090909,0.649485
62.59,13.042333,0.019007,863.636364,0.652921
62.59,8.928309,0.017396,854.545455,0.646048
62.59,14.70545,0.021806,884.090909,0.668385
62.59,12.079477,0.018133,856.060606,0.647194
62.59,7.936275,0.018197,875.757576,0.662085
62.59,12.254542,0.020218,900.757576,0.680985
62.59,11.379217,0.015062,928.030303,0.701604
62.59,11.612637,0.014711,971.212121,0.73425
62.59,10.153763,0.021267,953.787879,0.721077
62.59,10.270473,0.017598,965.151515,0.729668
62.59,13.479996,0.018304,996.969697,0.753723
62.59,7.29437,0.028538,495.454545,0.37457
62.59,14.00519,0.024683,390.909091,0.295533
66.08,33.149069,0.027726,228.030303,0.242742
66.08,20.858317,0.027312,287.121212,0.305645
66.08,13.623485,0.032176,312.121212,0.332258
66.08,17.621681,0.027981,350,0.372581
66.08,20.096756,0.020824,365.909091,0.389516
66.08,16.923584,0.027066,394.69697,0.420161
66.08,16.24664,0.025032,396.212121,0.421774
66.08,7.340604,0.025029,428.030303,0.455645
66.08,16.690884,0.027009,425.757576,0.453226
66.08,9.456052,0.03348,450.757576,0.479839
66.08,21.746805,0.023616,432.575758,0.460484
66.08,13.560021,0.025988,437.878788,0.466129
66.08,15.950478,0.027996,449.242424,0.478226
66.08,17.367828,0.02675,465.151515,0.495161
66.08,11.613809,0.018131,463.636364,0.493548
66.08,15.294689,0.015857,462.878788,0.492742
66.08,16.944738,0.019353,492.424242,0.524194
66.08,12.60807,0.018682,487.878788,0.519355
66.08,14.300428,0.021724,501.515152,0.533871
66.08,20.202528,0.019288,497.727273,0.529839
66.08,17.748608,0.017538,529.545455,0.56371
66.08,18.848641,0.018319,532.575758,0.566935
66.08,10.809939,0.020728,550,0.585484
66.08,13.856184,0.017842,562.121212,0.598387
66.08,15.844705,0.015972,578.030303,0.615323
66.08,12.904232,0.021676,590.909091,0.629032
66.08,13.348477,0.02021,596.969697,0.635484
66.08,9.921451,0.019269,621.969697,0.662097
66.08,11.888817,0.018435,625.757576,0.666129
66.08,14.448509,0.023679,656.818182,0.699194
66.08,21.852577,0.019743,678.787879,0.722581
66.12,15.142065,0.022562,506.415743,0.608991
66.12,13.601427,0.022445,605.15976,0.727735
66.12,13.789792,0.02029,632.667021,0.760814
68.43,7.89347,0.014774,194.69697,0.122615
68.43,9.068093,0.010465,241.666667,0.152195
68.43,9.89033,0.012399,527.272727,0.332061
68.43,11.440833,0.009533,609.848485,0.384065
68.43,7.259173,0.008265,612.878788,0.385973
68.43,8.551259,0.009632,628.787879,0.395992
68.43,7.353143,0.009273,645.454545,0.406489
68.43,8.786184,0.006279,645.454545,0.406489
68.43,2.490202,0.003459,665.151515,0.418893
68.43,7.869977,0.008312,686.363636,0.432252
68.43,4.111182,0.008135,676.515152,0.42605
68.43,7.822992,0.009202,708.333333,0.446088
68.43,3.52387,0.005535,746.969697,0.47042
68.43,6.483922,0.006278,765.151515,0.48187
68.43,6.413444,0.010114,818.939394,0.515744
68.43,4.698494,0.007776,848.484848,0.534351
68.43,5.638193,0.009041,826.515152,0.520515
68.43,6.131535,0.00989,856.818182,0.539599
68.43,6.789324,0.010822,860.606061,0.541985
68.43,4.980404,0.009622,873.484848,0.550095
68.43,8.621736,0.014779,912.121212,0.574427
68.43,9.021108,0.012583,912.121212,0.574427
71.13,15.002621,0.018068,248.484848,0.173913
71.13,11.959637,0.016155,265.909091,0.186108
71.13,10.119693,0.013339,281.060606,0.196713
71.13,14.884676,0.018222,283.333333,0.198303
71.13,12.101171,0.016923,305.30303,0.21368
71.13,8.657173,0.015917,285.606061,0.199894
71.13,12.242705,0.017659,317.424242,0.222163
71.13,4.36397,0.009029,310.606061,0.217391
71.13,9.93098,0.013594,329.545455,0.230647
71.13,11.063254,0.015561,355.30303,0.248674
71.13,9.718679,0.009365,335.606061,0.234889
71.13,9.954569,0.017116,362.121212,0.253446
71.13,12.36065,0.014955,392.424242,0.274655
71.13,6.227503,0.013332,406.818182,0.28473
71.13,11.841692,0.017407,409.090909,0.28632
71.13,9.270488,0.014091,429.545455,0.300636
71.13,13.09191,0.017744,422.727273,0.295864
71.13,11.181199,0.015868,449.242424,0.314422
71.13,12.077582,0.016097,454.545455,0.318134
71.13,18.847633,0.020989,468.181818,0.327678
71.13,6.581339,0.014454,485.606061,0.339873
71.13,10.615062,0.017216,503.787879,0.352598
71.13,7.807968,0.014827,522.727273,0.365854
71.13,12.973965,0.014558,524.242424,0.366914
71.13,10.331994,0.014624,529.545455,0.370626
71.13,11.039665,0.015174,540.909091,0.378579
71.13,24.391054,0.017814,526.515152,0.368505
71.13,10.402761,0.012046,538.636364,0.376988
71.13,11.959637,0.014546,522.727273,0.365854
71.13,10.756596,0.017224,525,0.367444
71.13,13.068321,0.014054,523.484848,0.366384
71.13,10.685829,0.015684,546.212121,0.382291
71.13,8.185392,0.01628,556.818182,0.389714
71.13,9.317666,0.01646,574.242424,0.401909
71.13,15.592347,0.012067,568.939394,0.398197
71.13,12.101171,0.014933,550,0.384942
71.13,28.047353,0.009915,517.424242,0.362142
71.13,9.482789,0.01312,584.848485,0.409332
71.13,10.166871,0.010828,606.818182,0.424708
71.13,10.331994,0.012179,596.969697,0.417815
71.13,8.020269,0.016158,614.393939,0.430011
71.13,13.374978,0.014641,609.090909,0.426299
71.13,16.016949,0.015237,648.484848,0.453871
71.13,11.039665,0.009089,653.787879,0.457582
71.13,22.409576,0.008522,636.363636,0.445387
71.13,10.19046,0.008917,718.181818,0.502651
71.13,10.284816,0.009905,981.818182,0.687169
73.55,16.251856,0.020462,470.454545,0.35567
73.55,17.389778,0.015768,461.363636,0.348797
73.55,14.413675,0.025121,495.454545,0.37457
73.55,14.792982,0.026145,525.757576,0.39748
73.55,8.869954,0.017144,489.393939,0.369989
73.55,14.763805,0.016691,520.454545,0.393471
73.55,22.23324,0.026441,517.424242,0.39118
73.55,15.785017,0.017187,518.939394,0.392325
73.55,11.875234,0.016245,546.969697,0.413517
73.55,29.790207,0.040641,587.121212,0.443872
73.55,14.676272,0.019544,581.060606,0.43929
73.55,15.639129,0.015365,580.30303,0.438717
73.55,12.838091,0.018854,600.757576,0.454181
73.55,10.737313,0.015466,603.030303,0.455899
73.55,7.848742,0.016945,620.454545,0.469072
73.55,8.957486,0.017021,622.727273,0.47079
73.55,11.145797,0.013859,633.333333,0.478809
73.55,7.87792,0.011468,640.909091,0.484536
73.55,8.928309,0.014893,665.909091,0.503436
73.55,12.108654,0.021094,649.242424,0.490836
73.55,18.352635,0.018933,659.848485,0.498855
73.55,9.628568,0.016413,664.393939,0.502291
73.55,5.660431,0.009642,686.363636,0.5189
73.55,8.519824,0.022109,681.818182,0.515464
73.55,12.604671,0.0126,689.393939,0.521191
73.55,16.572809,0.017666,684.848485,0.517755
73.55,8.899131,0.017872,706.818182,0.534364
73.55,14.530385,0.019891,720.454545,0.544674
73.55,7.848742,0.017538,709.848485,0.536655
73.55,10.153763,0.016619,729.545455,0.551546
73.55,11.816879,0.015466,734.090909,0.554983
73.55,20.540946,0.017172,721.969697,0.545819
73.55,15.201467,0.016837,753.787879,0.569874
73.55,9.774456,0.01487,792.424242,0.599084
73.55,8.782421,0.018677,774.242424,0.585338
73.55,12.312896,0.015566,762.878788,0.576747
73.55,12.487961,0.015277,762.121212,0.576174
73.55,14.763805,0.017493,784.848485,0.593356
73.55,10.503893,0.019649,803.030303,0.607102
73.55,16.718696,0.021737,849.242424,0.642039
73.55,14.909692,0.024483,867.424242,0.655785
73.55,13.742593,0.019868,855.30303,0.646621
73.55,14.442853,0.01486,893.181818,0.675258
73.55,14.35532,0.017455,922.727273,0.697595
73.84,9.273132,0.014523,480.31911,0.577608
73.84,17.35193,0.017986,497.95197,0.598813
73.84,16.488829,0.022361,520.522031,0.625954
73.84,32.446082,0.043558,551.555865,0.663274
73.84,18.120662,0.020065,543.092092,0.653096
73.84,13.949306,0.019177,533.21769,0.641221
73.84,16.544477,0.022138,560.724952,0.6743
73.84,16.04238,0.020027,585.410956,0.703986
73.84,12.789106,0.013648,636.898908,0.765903
73.84,12.521097,0.022595,619.266048,0.744699
73.84,16.614317,0.020858,646.773309,0.777778
73.84,14.958475,0.024708,651.005196,0.782867
76.55,13.031159,0.018593,546.212121,0.581452
76.55,16.204331,0.024036,705.30303,0.750806
85.75,35.975833,0.017683,359.090909,0.271478
85.75,28.331333,0.021132,463.636364,0.350515
85.75,15.639129,0.02009,502.272727,0.379725
85.75,16.281034,0.015494,558.333333,0.422108
85.75,27.339299,0.018031,587.121212,0.443872
85.75,31.803453,0.027236,631.060606,0.47709
85.75,18.702765,0.017519,625.757576,0.473081
85.75,14.82216,0.027618,681.818182,0.515464
85.75,27.018346,0.024199,671.212121,0.507446
85.75,23.721291,0.016158,678.030303,0.5126
85.75,19.461379,0.021502,684.848485,0.517755
85.75,21.88311,0.021596,703.030303,0.531501
85.75,24.304841,0.021406,729.545455,0.551546
85.75,12.050299,0.013036,718.181818,0.542955
85.75,20.190816,0.014675,717.424242,0.542383
85.75,16.689518,0.013012,759.090909,0.573883
85.75,17.769085,0.017333,761.363636,0.575601
85.75,19.548911,0.018586,769.69697,0.581901
85.75,25.034278,0.015857,763.636364,0.57732
85.75,28.448043,0.018537,806.060606,0.609393
85.75,25.150988,0.016334,811.363636,0.613402
85.75,13.421641,0.016639,843.181818,0.637457
85.75,22.875144,0.019214,847.727273,0.640893
85.75,34.808733,0.02261,881.060606,0.666094
85.75,17.360601,0.018314,893.181818,0.675258
85.75,19.373847,0.019413,942.424242,0.712486
85.75,37.405529,0.032354,985.606061,0.745132
85.75,16.164324,0.010209,1009.848485,0.763459
86.92,38.78036,0.017177,234.090909,0.163839
86.92,9.553556,0.009652,255.30303,0.178685
86.92,9.813035,0.015748,294.69697,0.206257
86.92,13.186266,0.017584,305.30303,0.21368
86.92,13.988293,0.013978,317.424242,0.222163
86.92,13.044732,0.015076,331.818182,0.232238
86.92,12.879609,0.013942,342.424242,0.239661
86.92,23.140836,0.012924,318.181818,0.222694
86.92,18.210729,0.010487,368.181818,0.257688
86.92,18.800455,0.017179,384.090909,0.268823
86.92,11.417089,0.015668,382.575758,0.267762
86.92,9.388433,0.008371,406.060606,0.284199
86.92,12.525773,0.020079,390.909091,0.273595
86.92,13.186266,0.014787,450.757576,0.315483
86.92,19.767605,0.016747,440.909091,0.30859
86.92,14.412896,0.01303,443.181818,0.31018
86.92,13.658047,0.01663,441.666667,0.30912
86.92,14.365717,0.015427,471.212121,0.329799
86.92,14.200594,0.015289,451.515152,0.316013
86.92,10.898131,0.014775,434.848485,0.304348
86.92,10.072515,0.011643,476.515152,0.33351
86.92,9.176132,0.011074,495.454545,0.346766
86.92,25.476149,0.015411,475,0.33245
86.92,14.979032,0.016463,504.545455,0.353128
86.92,13.681636,0.016117,493.181818,0.345175
86.92,13.139088,0.017344,519.69697,0.363733
86.92,15.568758,0.015383,503.030303,0.352068
86.92,15.781059,0.013267,504.545455,0.353128
86.92,14.884676,0.015121,531.060606,0.371686
86.92,12.030404,0.01329,537.121212,0.375928
86.92,18.989167,0.013868,534.848485,0.374337
86.92,18.776866,0.01442,593.181818,0.415164
86.92,10.733007,0.01115,610.606061,0.427359
86.92,18.989167,0.016291,632.575758,0.442736
86.92,18.706098,0.018144,634.090909,0.443796
86.92,12.266294,0.008394,642.424242,0.449629
86.92,14.29495,0.013578,669.69697,0.468717
86.92,4.080902,0.006139,664.393939,0.465005
86.92,7.430544,0.006411,682.575758,0.477731
86.92,11.016076,0.014555,696.969697,0.487805
86.92,10.803774,0.016771,698.484848,0.488865
86.92,9.22331,0.00875,743.939394,0.520679
86.92,9.270488,0.007411,735.606061,0.514846
86.92,7.619256,0.009732,771.969697,0.540297
86.92,7.925913,0.01026,749.242424,0.52439
86.92,7.171064,0.010768,778.787879,0.545069
86.92,11.346322,0.012184,790.909091,0.553552
86.92,8.397694,0.009677,794.69697,0.556204
86.92,8.562817,0.011345,811.363636,0.567869
86.92,8.374105,0.012296,801.515152,0.560976
86.92,5.56701,0.0086,825,0.577413
86.92,10.544295,0.008064,789.393939,0.552492
86.92,7.99668,0.009919,821.212121,0.574761
86.92,10.473528,0.009346,841.666667,0.589077
86.92,6.53416,0.00763,834.848485,0.584305
86.92,8.751529,0.009329,866.666667,0.606575
86.92,9.364844,0.008964,828.787879,0.580064
86.92,8.562817,0.009661,832.575758,0.582715
86.92,8.751529,0.011742,842.424242,0.589608
86.92,6.53416,0.009582,868.181818,0.607635
86.92,6.369037,0.011338,859.090909,0.601273
86.92,9.506378,0.008254,850,0.59491
86.92,8.350516,0.011795,890.151515,0.623012
86.92,7.595667,0.011171,891.666667,0.624072
86.92,10.261227,0.009111,870.454545,0.609226
86.92,6.722873,0.009586,892.424242,0.624602
86.92,10.92172,0.011115,919.69697,0.64369
86.92,5.732134,0.005568,905.30303,0.633616
86.92,10.048926,0.010697,921.212121,0.644751
86.92,5.944435,0.008796,896.969697,0.627784
86.92,9.199721,0.009821,946.969697,0.662778
86.92,9.624323,0.010646,903.787879,0.632556
86.92,4.717805,0.008215,921.969697,0.645281
86.92,6.55775,0.008078,951.515152,0.66596
86.92,7.359776,0.007669,984.090909,0.688759
86.92,14.955443,0.013837,1044.69697,0.731177
86.92,6.321859,0.008267,1028.030303,0.719512
86.92,7.784379,0.008037,1065.151515,0.745493
86.92,13.044732,0.015076,331.818182,0.232238
87.12,18.404397,0.018717,491.666667,0.523387
87.12,20.244837,0.018402,538.636364,0.573387
87.12,24.137261,0.017351,619.69697,0.659677
87.12,39.093478,0.021511,856.818182,0.912097
93.25,17.05051,0.016857,554.545455,0.590323
93.25,19.864056,0.020602,674.242424,0.717742
93.25,23.18531,0.021499,708.333333,0.754032
95.56,16.585683,0.013622,248.484848,0.156489
95.56,14.847241,0.012547,293.181818,0.184637
95.56,14.800256,0.014467,336.363636,0.211832
95.56,12.521486,0.012532,381.060606,0.239981
95.56,10.477641,0.012585,389.393939,0.245229
95.56,14.071989,0.012244,424.242424,0.267176
95.56,8.950631,0.013767,441.666667,0.278149
95.56,12.451009,0.013522,468.181818,0.294847
95.56,11.041461,0.010642,466.666667,0.293893
95.56,8.457289,0.008912,500.757576,0.315363
95.56,11.370355,0.011699,586.363636,0.369275
95.56,17.21998,0.009112,591.666667,0.372615
95.56,10.219224,0.009321,589.393939,0.371183
95.56,8.504274,0.009841,593.181818,0.373569
95.56,13.50817,0.010758,589.393939,0.371183
95.56,8.856661,0.00959,619.69697,0.390267
95.56,13.038321,0.007925,644.69697,0.406011
95.56,8.128394,0.007649,622.727273,0.392176
95.56,13.367215,0.003997,577.272727,0.36355
95.56,8.762691,0.009251,663.636364,0.417939
95.56,6.601384,0.005756,683.333333,0.430344
95.56,9.913822,0.009038,675.757576,0.425573
95.56,5.99058,0.00893,699.242424,0.440363
95.56,10.266209,0.008506,689.393939,0.43416
95.56,9.584928,0.006987,734.090909,0.462309
95.56,17.055533,0.010983,739.393939,0.465649
95.56,38.574635,0.011478,720.454545,0.453721
95.56,20.93179,0.013839,812.121212,0.51145
95.56,5.99058,0.00483,1111.363636,0.699905
96.22,17.214713,0.016353,840.909091,0.635739
96.22,19.344669,0.017635,1046.969697,0.791523
97.88,10.261227,0.009459,440.151515,0.308059
97.88,14.719553,0.016459,461.363636,0.322906
97.88,8.798707,0.012372,454.545455,0.318134
97.88,18.706098,0.014948,503.030303,0.352068
97.88,17.550236,0.013711,490.151515,0.343054
97.88,15.380046,0.012204,491.666667,0.344115
97.88,11.558623,0.0117,528.787879,0.370095
97.88,10.780185,0.009052,577.272727,0.40403
97.88,16.205662,0.014871,576.515152,0.403499
97.88,14.55443,0.010791,568.939394,0.398197
97.88,13.021143,0.013497,600,0.419936
97.88,13.304211,0.013888,601.515152,0.420997
97.88,12.337061,0.018042,624.242424,0.436903
97.88,16.087716,0.020133,624.242424,0.436903
97.88,15.191333,0.013895,634.848485,0.444327
97.88,15.969771,0.016839,645.454545,0.45175
97.88,13.209855,0.015687,678.030303,0.474549
97.88,13.445745,0.015735,653.030303,0.457052
97.88,20.522454,0.014703,665.909091,0.466066
97.88,15.28569,0.017795,673.484848,0.471368
97.88,15.52158,0.018955,702.272727,0.491516
97.88,9.152543,0.015796,691.666667,0.484093
97.88,20.192207,0.014843,701.515152,0.490986
97.88,20.215796,0.01507,695.454545,0.486744
97.88,12.053993,0.016572,721.969697,0.505302
97.88,7.171064,0.007413,737.878788,0.516437
97.88,10.685829,0.016427,726.515152,0.508484
97.88,11.652979,0.013707,750.757576,0.525451
97.88,10.402761,0.010326,754.545455,0.528102
97.88,19.673249,0.012016,740.151515,0.518028
97.88,9.789446,0.009479,787.878788,0.551432
97.88,13.870348,0.011978,815.151515,0.57052
97.88,11.676568,0.010801,912.121212,0.638388
97.88,9.152543,0.010473,931.818182,0.652174
97.88,10.308405,0.010788,899.242424,0.629374
97.88,11.3935,0.009083,943.939394,0.660657
100.97,19.610202,0.020513,522.727273,0.556452
100.97,20.181373,0.014799,543.181818,0.578226
100.97,24.200725,0.020631,573.484848,0.610484
100.97,24.221879,0.018187,612.878788,0.652419
100.97,26.591181,0.019224,598.484848,0.637097
100.97,15.506233,0.01492,586.363636,0.624194
100.97,25.808465,0.021474,623.484848,0.66371
100.97,25.321912,0.020315,649.242424,0.691129
100.97,30.758613,0.021688,717.424242,0.76371
100.97,12.058053,0.01486,690.909091,0.735484
100.97,20.223682,0.01702,721.969697,0.768548
100.97,20.11791,0.020553,736.363636,0.783871
106.79,20.190816,0.013987,760.606061,0.575029
106.79,26.697394,0.016218,821.969697,0.62142
106.79,28.82735,0.014311,937.878788,0.709049
110.08,37.553731,0.013218,288.636364,0.202015
110.08,15.191333,0.0136,476.515152,0.33351
110.08,18.540975,0.012941,543.181818,0.38017
110.08,25.806396,0.012293,580.30303,0.406151
110.08,19.696838,0.01323,625,0.437434
110.08,13.941115,0.008898,686.363636,0.480382
110.08,19.791194,0.010178,689.393939,0.482503
110.08,12.667308,0.010071,696.969697,0.487805
110.08,12.85602,0.009221,724.242424,0.506893
110.08,16.653853,0.010506,762.121212,0.533404
110.08,8.468461,0.007377,735.606061,0.514846
110.08,9.600734,0.005654,734.090909,0.513786
110.08,14.177005,0.008751,784.090909,0.54878
110.08,11.511445,0.008559,787.121212,0.550901
110.08,13.492923,0.009546,795.454545,0.556734
110.08,14.695964,0.007307,788.636364,0.551962
110.08,16.866154,0.00831,838.636364,0.586957
110.08,20.074262,0.009865,845.454545,0.591729
110.08,12.242705,0.011253,884.090909,0.61877
110.08,13.846759,0.008697,889.393939,0.622481
110.08,17.550236,0.008304,929.545455,0.650583
110.08,9.506378,0.007661,942.424242,0.659597
110.08,10.331994,0.007813,1001.515152,0.700954
110.08,33.095405,0.015576,1089.393939,0.76246
111.35,17.478397,0.012637,334.848485,0.210878
111.35,15.575507,0.01283,354.545455,0.223282
111.35,15.340583,0.012103,366.666667,0.230916
111.35,18.723498,0.011311,480.30303,0.302481
111.35,10.501134,0.009359,490.909091,0.30916
111.35,2.537187,0.002792,478.030303,0.30105
111.35,8.551259,0.007812,528.787879,0.333015
111.35,5.191836,0.005154,550.757576,0.346851
111.35,20.767343,0.009328,530.30303,0.333969
111.35,10.853521,0.009408,553.787879,0.34876
111.35,10.313194,0.009826,588.636364,0.370706
111.35,10.923998,0.008138,562.878788,0.354485
111.35,8.809676,0.005886,558.333333,0.351622
111.35,9.23254,0.007179,590.909091,0.372137
111.35,9.162063,0.007846,603.787879,0.380248
111.35,12.051637,0.006862,593.939394,0.374046
111.35,15.716462,0.009091,678.030303,0.427004
111.35,11.722742,0.009479,693.181818,0.436546
111.35,12.850381,0.008219,711.363636,0.447996
111.35,11.910682,0.008413,712.878788,0.44895
111.35,23.821364,0.012593,730.30303,0.459924
111.35,10.078269,0.007435,758.333333,0.477576
111.35,11.088446,0.01314,753.030303,0.474237
111.35,17.384427,0.011958,775,0.488073
111.35,7.259173,0.007371,791.666667,0.498569
111.35,5.661685,0.006646,793.181818,0.499523
111.35,18.230156,0.013201,841.666667,0.530057
111.35,20.180031,0.012605,831.818182,0.523855
111.35,9.79636,0.009854,872.727273,0.549618
111.35,11.840205,0.011715,846.969697,0.533397
111.35,11.2294,0.012658,881.818182,0.555344
111.35,15.011688,0.012004,893.181818,0.5625
111.35,13.296738,0.011782,899.242424,0.566317
111.35,11.158923,0.011228,918.181818,0.578244
111.35,11.816712,0.012777,905.30303,0.570134
111.35,12.028144,0.014053,934.090909,0.588263
111.35,14.447869,0.008974,892.424242,0.562023
111.35,13.50817,0.012697,928.030303,0.584447
111.35,20.109554,0.013542,953.030303,0.600191
111.35,6.695354,0.006577,953.787879,0.600668
111.35,11.111938,0.008589,943.939394,0.594466
111.35,12.122114,0.010669,942.424242,0.593511
111.35,10.360179,0.011707,982.575758,0.618798
111.35,13.649125,0.009535,968.181818,0.609733
111.35,11.158923,0.011819,1008.333333,0.635019
111.35,10.501134,0.011685,1010.606061,0.63645
111.35,10.618596,0.011671,1009.848485,0.635973
111.35,13.578647,0.010607,1042.424242,0.656489
111.35,12.216084,0.010096,1043.181818,0.656966
111.35,6.601384,0.007966,1021.212121,0.64313
111.35,10.595104,0.008995,1073.484848,0.67605
111.35,13.50817,0.011414,1021.969697,0.643607
111.35,7.282666,0.01013,1048.484848,0.660305
111.35,7.98744,0.00808,1080.30303,0.680344
111.35,11.69925,0.009838,1115.909091,0.702767
111.35,12.756411,0.008964,1183.333333,0.745229
111.35,6.460429,0.007015,1164.393939,0.733302
111.35,6.765831,0.005899,1205.30303,0.759065
111.35,15.575507,0.01283,354.545455,0.223282
112.92,22.379127,0.01523,846.212121,0.639748
112.92,25.851247,0.017251,998.484848,0.754868
120.55,14.483663,0.010346,882.575758,0.617709
120.55,12.053993,0.008372,1131.818182,0.792153
120.64,31.686743,0.016243,821.969697,0.62142
120.64,32.06605,0.015457,895.454545,0.676976
120.64,21.036963,0.0144,879.545455,0.664948
120.64,30.694709,0.016093,965.151515,0.729668
120.64,31.861808,0.014653,1061.363636,0.802405
120.64,19.140427,0.016442,1027.272727,0.776632
120.64,29.119125,0.016598,1068.181818,0.80756
120.64,28.768995,0.018649,1084.090909,0.819588
122.31,12.075129,0.009842,512.121212,0.322519
122.31,63.335698,0.043281,500,0.314885
122.31,19.804152,0.011407,552.272727,0.347805
122.31,8.480781,0.005444,544.69697,0.343034
122.31,6.342967,0.005238,590.151515,0.37166
122.31,10.148747,0.007012,653.030303,0.41126
122.31,10.689074,0.007499,643.181818,0.405057
122.31,10.430656,0.006292,639.393939,0.402672
122.31,7.61156,0.006227,670.454545,0.422233
122.31,8.151887,0.00665,672.727273,0.423664
122.31,6.601384,0.007151,700.757576,0.441317
122.31,5.779147,0.005352,700.757576,0.441317
122.31,8.715706,0.00626,715.151515,0.450382
122.31,6.108042,0.00497,728.030303,0.458492
122.31,6.930278,0.006326,767.424242,0.483302
122.31,8.645229,0.007645,737.121212,0.464218
122.31,13.32023,0.007326,754.545455,0.475191
122.31,7.51759,0.00655,762.878788,0.480439
122.31,5.849625,0.007625,785.606061,0.494752
122.31,8.856661,0.005129,797.727273,0.502385
122.31,11.017968,0.006356,790.151515,0.497615
122.31,6.695354,0.00695,821.969697,0.517653
122.31,15.105658,0.012256,842.424242,0.530534
122.31,6.037565,0.007014,828.030303,0.521469
122.31,7.682038,0.007042,858.333333,0.540553
122.31,12.216084,0.009524,861.363636,0.542462
122.31,18.465081,0.008769,841.666667,0.530057
122.31,15.105658,0.011337,898.484848,0.56584
122.31,15.645985,0.010307,930.30303,0.585878
122.31,20.156539,0.013789,1036.363636,0.652672
122.31,15.011688,0.011905,1025.757576,0.645992
131.12,18.163551,0.009748,785.606061,0.549841
131.12,17.573825,0.008253,858.333333,0.600742
131.12,21.560371,0.008407,993.939394,0.695652
134.51,0.634297,0.00019,299.242424,0.188454
134.51,10.148747,0.005666,606.818182,0.382156
134.51,16.021864,0.006116,648.484848,0.408397
134.51,14.259929,0.007465,704.545455,0.443702
134.51,27.744606,0.01345,777.272727,0.489504
134.51,32.396115,0.012602,782.575758,0.492844
134.51,23.3985,0.013863,788.636364,0.49666
134.51,26.170611,0.014087,818.939394,0.515744
134.51,26.288073,0.012511,861.363636,0.542462
134.51,14.001512,0.009873,834.090909,0.525286
134.51,23.844856,0.01138,831.060606,0.523378
134.51,17.548875,0.008751,890.909091,0.561069
134.51,17.971739,0.010572,899.242424,0.566317
134.51,16.374251,0.009217,902.272727,0.568225
134.51,23.30453,0.009439,893.181818,0.5625
134.51,23.30453,0.009264,950.757576,0.59876
134.51,23.703902,0.009232,960.606061,0.604962
134.51,13.555155,0.009663,1007.575758,0.634542
134.51,16.820608,0.008561,1008.333333,0.635019
134.51,12.216084,0.00812,1071.212121,0.674618
137.25,15.002621,0.007992,887.878788,0.621421
137.25,16.205662,0.008278,1068.939394,0.748144
144.97,21.08859,0.008346,859.848485,0.601803
144.97,20.35733,0.007694,946.212121,0.662248
144.97,18.493797,0.009766,928.787879,0.650053
144.97,16.748209,0.006912,1028.787879,0.720042
144.97,23.188014,0.008355,1146.212121,0.802227
144.97,7.99668,0.005486,1102.272727,0.771474
144.97,13.186266,0.006596,1169.69697,0.818664
144.98,15.152643,0.00856,1280.30303,0.806298
155.55,20.297494,0.008703,894.69697,0.563454
155.55,22.92865,0.00875,976.515152,0.614981
161.68,19.616212,0.008541,1010.606061,0.63645
169.4,27.298249,0.008767,972.727273,0.612595
169.4,33.993603,0.010304,1071.969697,0.675095
169.4,21.49561,0.00903,1051.515152,0.662214
169.4,6.812816,0.002509,1164.393939,0.733302
169.4,10.524626,0.006256,1246.212121,0.784828
